Date,URL
2023-10-24,https://www.sportsbookreview.com/betting-odds/nba-basketball/?date=2023-10-24
2023-10-25,https://www.sportsbookreview.com/betting-odds/nba-basketball/?date=2023-10-25
2023-10-26,https://www.sportsbookreview.com/betting-odds/nba-basketball/?date=2023-10-26
2023-10-27,https://www.sportsbookreview.com/betting-odds/nba-basketball/?date=2023-10-27
2023-10-28,https://www.sportsbookreview.com/betting-odds/nba-basketball/?date=2023-10-28
2023-10-29,https://www.sportsbookreview.com/betting-odds/nba-basketball/?date=2023-10-29
2023-10-30,https://www.sportsbookreview.com/betting-odds/nba-basketball/?date=2023-10-30
2023-10-31,https://www.sportsbookreview.com/betting-odds/nba-basketball/?date=2023-10-31
2023-11-01,https://www.sportsbookreview.com/betting-odds/nba-basketball/?date=2023-11-01
2023-11-02,https://www.sportsbookreview.com/betting-odds/nba-basketball/?date=2023-11-02
2023-11-03,https://www.sportsbookreview.com/betting-odds/nba-basketball/?date=2023-11-03
2023-11-04,https://www.sportsbookreview.com/betting-odds/nba-basketball/?date=2023-11-04
2023-11-05,https://www.sportsbookreview.com/betting-odds/nba-basketball/?date=2023-11-05
2023-11-06,https://www.sportsbookreview.com/betting-odds/nba-basketball/?date=2023-11-06
2023-11-07,https://www.sportsbookreview.com/betting-odds/nba-basketball/?date=2023-11-07
2023-11-08,https://www.sportsbookreview.com/betting-odds/nba-basketball/?date=2023-11-08
2023-11-09,https://www.sportsbookreview.com/betting-odds/nba-basketball/?date=2023-11-09
2023-11-10,https://www.sportsbookreview.com/betting-odds/nba-basketball/?date=2023-11-10
2023-11-11,https://www.sportsbookreview.com/betting-odds/nba-basketball/?date=2023-11-11
2023-11-12,https://www.sportsbookreview.com/betting-odds/nba-basketball/?date=2023-11-12
2023-11-13,https://www.sportsbookreview.com/betting-odds/nba-basketball/?date=2023-11-13
2023-11-14,https://www.sportsbookreview.com/betting-odds/nba-basketball/?date=2023-11-14
2023-11-15,https://www.sportsbookreview.com/betting-odds/nba-basketball/?date=2023-11-15
2023-11-16,https://www.sportsbookreview.com/betting-odds/nba-basketball/?date=2023-11-16
2023-11-17,https://www.sportsbookreview.com/betting-odds/nba-basketball/?date=2023-11-17
2023-11-18,https://www.sportsbookreview.com/betting-odds/nba-basketball/?date=2023-11-18
2023-11-19,https://www.sportsbookreview.com/betting-odds/nba-basketball/?date=2023-11-19
2023-11-20,https://www.sportsbookreview.com/betting-odds/nba-basketball/?date=2023-11-20
2023-11-21,https://www.sportsbookreview.com/betting-odds/nba-basketball/?date=2023-11-21
2023-11-22,https://www.sportsbookreview.com/betting-odds/nba-basketball/?date=2023-11-22
2023-11-23,https://www.sportsbookreview.com/betting-odds/nba-basketball/?date=2023-11-23
2023-11-24,https://www.sportsbookreview.com/betting-odds/nba-basketball/?date=2023-11-24
2023-11-25,https://www.sportsbookreview.com/betting-odds/nba-basketball/?date=2023-11-25
2023-11-26,https://www.sportsbookreview.com/betting-odds/nba-basketball/?date=2023-11-26
2023-11-27,https://www.sportsbookreview.com/betting-odds/nba-basketball/?date=2023-11-27
2023-11-28,https://www.sportsbookreview.com/betting-odds/nba-basketball/?date=2023-11-28
2023-11-29,https://www.sportsbookreview.com/betting-odds/nba-basketball/?date=2023-11-29
2023-11-30,https://www.sportsbookreview.com/betting-odds/nba-basketball/?date=2023-11-30
2023-12-01,https://www.sportsbookreview.com/betting-odds/nba-basketball/?date=2023-12-01
2023-12-02,https://www.sportsbookreview.com/betting-odds/nba-basketball/?date=2023-12-02
2023-12-03,https://www.sportsbookreview.com/betting-odds/nba-basketball/?date=2023-12-03
2023-12-04,https://www.sportsbookreview.com/betting-odds/nba-basketball/?date=2023-12-04
2023-12-05,https://www.sportsbookreview.com/betting-odds/nba-basketball/?date=2023-12-05
2023-12-06,https://www.sportsbookreview.com/betting-odds/nba-basketball/?date=2023-12-06
2023-12-07,https://www.sportsbookreview.com/betting-odds/nba-basketball/?date=2023-12-07
2023-12-08,https://www.sportsbookreview.com/betting-odds/nba-basketball/?date=2023-12-08
2023-12-09,https://www.sportsbookreview.com/betting-odds/nba-basketball/?date=2023-12-09
2023-12-10,https://www.sportsbookreview.com/betting-odds/nba-basketball/?date=2023-12-10
2023-12-11,https://www.sportsbookreview.com/betting-odds/nba-basketball/?date=2023-12-11
2023-12-12,https://www.sportsbookreview.com/betting-odds/nba-basketball/?date=2023-12-12
2023-12-13,https://www.sportsbookreview.com/betting-odds/nba-basketball/?date=2023-12-13
2023-12-14,https://www.sportsbookreview.com/betting-odds/nba-basketball/?date=2023-12-14
2023-12-15,https://www.sportsbookreview.com/betting-odds/nba-basketball/?date=2023-12-15
2023-12-16,https://www.sportsbookreview.com/betting-odds/nba-basketball/?date=2023-12-16
2023-12-17,https://www.sportsbookreview.com/betting-odds/nba-basketball/?date=2023-12-17
2023-12-18,https://www.sportsbookreview.com/betting-odds/nba-basketball/?date=2023-12-18
2023-12-19,https://www.sportsbookreview.com/betting-odds/nba-basketball/?date=2023-12-19
2023-12-20,https://www.sportsbookreview.com/betting-odds/nba-basketball/?date=2023-12-20
2023-12-21,https://www.sportsbookreview.com/betting-odds/nba-basketball/?date=2023-12-21
2023-12-22,https://www.sportsbookreview.com/betting-odds/nba-basketball/?date=2023-12-22
2023-12-23,https://www.sportsbookreview.com/betting-odds/nba-basketball/?date=2023-12-23
2023-12-24,https://www.sportsbookreview.com/betting-odds/nba-basketball/?date=2023-12-24
2023-12-25,https://www.sportsbookreview.com/betting-odds/nba-basketball/?date=2023-12-25
2023-12-26,https://www.sportsbookreview.com/betting-odds/nba-basketball/?date=2023-12-26
2023-12-27,https://www.sportsbookreview.com/betting-odds/nba-basketball/?date=2023-12-27
2023-12-28,https://www.sportsbookreview.com/betting-odds/nba-basketball/?date=2023-12-28
2023-12-29,https://www.sportsbookreview.com/betting-odds/nba-basketball/?date=2023-12-29
2023-12-30,https://www.sportsbookreview.com/betting-odds/nba-basketball/?date=2023-12-30
2023-12-31,https://www.sportsbookreview.com/betting-odds/nba-basketball/?date=2023-12-31
2024-01-01,https://www.sportsbookreview.com/betting-odds/nba-basketball/?date=2024-01-01
2024-01-02,https://www.sportsbookreview.com/betting-odds/nba-basketball/?date=2024-01-02
2024-01-03,https://www.sportsbookreview.com/betting-odds/nba-basketball/?date=2024-01-03
2024-01-04,https://www.sportsbookreview.com/betting-odds/nba-basketball/?date=2024-01-04
2024-01-05,https://www.sportsbookreview.com/betting-odds/nba-basketball/?date=2024-01-05
2024-01-06,https://www.sportsbookreview.com/betting-odds/nba-basketball/?date=2024-01-06
2024-01-07,https://www.sportsbookreview.com/betting-odds/nba-basketball/?date=2024-01-07
2024-01-08,https://www.sportsbookreview.com/betting-odds/nba-basketball/?date=2024-01-08
2024-01-09,https://www.sportsbookreview.com/betting-odds/nba-basketball/?date=2024-01-09
2024-01-10,https://www.sportsbookreview.com/betting-odds/nba-basketball/?date=2024-01-10
2024-01-11,https://www.sportsbookreview.com/betting-odds/nba-basketball/?date=2024-01-11
2024-01-12,https://www.sportsbookreview.com/betting-odds/nba-basketball/?date=2024-01-12
2024-01-13,https://www.sportsbookreview.com/betting-odds/nba-basketball/?date=2024-01-13
2024-01-14,https://www.sportsbookreview.com/betting-odds/nba-basketball/?date=2024-01-14
2024-01-15,https://www.sportsbookreview.com/betting-odds/nba-basketball/?date=2024-01-15
2024-01-16,https://www.sportsbookreview.com/betting-odds/nba-basketball/?date=2024-01-16
2024-01-17,https://www.sportsbookreview.com/betting-odds/nba-basketball/?date=2024-01-17
2024-01-18,https://www.sportsbookreview.com/betting-odds/nba-basketball/?date=2024-01-18
2024-01-19,https://www.sportsbookreview.com/betting-odds/nba-basketball/?date=2024-01-19
2024-01-20,https://www.sportsbookreview.com/betting-odds/nba-basketball/?date=2024-01-20
2024-01-21,https://www.sportsbookreview.com/betting-odds/nba-basketball/?date=2024-01-21
2024-01-22,https://www.sportsbookreview.com/betting-odds/nba-basketball/?date=2024-01-22
2024-01-23,https://www.sportsbookreview.com/betting-odds/nba-basketball/?date=2024-01-23
2024-01-24,https://www.sportsbookreview.com/betting-odds/nba-basketball/?date=2024-01-24
2024-01-25,https://www.sportsbookreview.com/betting-odds/nba-basketball/?date=2024-01-25
2024-01-26,https://www.sportsbookreview.com/betting-odds/nba-basketball/?date=2024-01-26
2024-01-27,https://www.sportsbookreview.com/betting-odds/nba-basketball/?date=2024-01-27
2024-01-28,https://www.sportsbookreview.com/betting-odds/nba-basketball/?date=2024-01-28
2024-01-29,https://www.sportsbookreview.com/betting-odds/nba-basketball/?date=2024-01-29
2024-01-30,https://www.sportsbookreview.com/betting-odds/nba-basketball/?date=2024-01-30
2024-01-31,https://www.sportsbookreview.com/betting-odds/nba-basketball/?date=2024-01-31
2024-02-01,https://www.sportsbookreview.com/betting-odds/nba-basketball/?date=2024-02-01
2024-02-02,https://www.sportsbookreview.com/betting-odds/nba-basketball/?date=2024-02-02
2024-02-03,https://www.sportsbookreview.com/betting-odds/nba-basketball/?date=2024-02-03
2024-02-04,https://www.sportsbookreview.com/betting-odds/nba-basketball/?date=2024-02-04
2024-02-05,https://www.sportsbookreview.com/betting-odds/nba-basketball/?date=2024-02-05
2024-02-06,https://www.sportsbookreview.com/betting-odds/nba-basketball/?date=2024-02-06
2024-02-07,https://www.sportsbookreview.com/betting-odds/nba-basketball/?date=2024-02-07
2024-02-08,https://www.sportsbookreview.com/betting-odds/nba-basketball/?date=2024-02-08
2024-02-09,https://www.sportsbookreview.com/betting-odds/nba-basketball/?date=2024-02-09
2024-02-10,https://www.sportsbookreview.com/betting-odds/nba-basketball/?date=2024-02-10
2024-02-11,https://www.sportsbookreview.com/betting-odds/nba-basketball/?date=2024-02-11
2024-02-12,https://www.sportsbookreview.com/betting-odds/nba-basketball/?date=2024-02-12
2024-02-13,https://www.sportsbookreview.com/betting-odds/nba-basketball/?date=2024-02-13
2024-02-14,https://www.sportsbookreview.com/betting-odds/nba-basketball/?date=2024-02-14
2024-02-15,https://www.sportsbookreview.com/betting-odds/nba-basketball/?date=2024-02-15
2024-02-16,https://www.sportsbookreview.com/betting-odds/nba-basketball/?date=2024-02-16
2024-02-17,https://www.sportsbookreview.com/betting-odds/nba-basketball/?date=2024-02-17
2024-02-18,https://www.sportsbookreview.com/betting-odds/nba-basketball/?date=2024-02-18
2024-02-19,https://www.sportsbookreview.com/betting-odds/nba-basketball/?date=2024-02-19
2024-02-20,https://www.sportsbookreview.com/betting-odds/nba-basketball/?date=2024-02-20
2024-02-21,https://www.sportsbookreview.com/betting-odds/nba-basketball/?date=2024-02-21
2024-02-22,https://www.sportsbookreview.com/betting-odds/nba-basketball/?date=2024-02-22
2024-02-23,https://www.sportsbookreview.com/betting-odds/nba-basketball/?date=2024-02-23
2024-02-24,https://www.sportsbookreview.com/betting-odds/nba-basketball/?date=2024-02-24
2024-02-25,https://www.sportsbookreview.com/betting-odds/nba-basketball/?date=2024-02-25
2024-02-26,https://www.sportsbookreview.com/betting-odds/nba-basketball/?date=2024-02-26
2024-02-27,https://www.sportsbookreview.com/betting-odds/nba-basketball/?date=2024-02-27
2024-02-28,https://www.sportsbookreview.com/betting-odds/nba-basketball/?date=2024-02-28
2024-02-29,https://www.sportsbookreview.com/betting-odds/nba-basketball/?date=2024-02-29
2024-03-01,https://www.sportsbookreview.com/betting-odds/nba-basketball/?date=2024-03-01
2024-03-02,https://www.sportsbookreview.com/betting-odds/nba-basketball/?date=2024-03-02
2024-03-03,https://www.sportsbookreview.com/betting-odds/nba-basketball/?date=2024-03-03
2024-03-04,https://www.sportsbookreview.com/betting-odds/nba-basketball/?date=2024-03-04
2024-03-05,https://www.sportsbookreview.com/betting-odds/nba-basketball/?date=2024-03-05
2024-03-06,https://www.sportsbookreview.com/betting-odds/nba-basketball/?date=2024-03-06
2024-03-07,https://www.sportsbookreview.com/betting-odds/nba-basketball/?date=2024-03-07
2024-03-08,https://www.sportsbookreview.com/betting-odds/nba-basketball/?date=2024-03-08
2024-03-09,https://www.sportsbookreview.com/betting-odds/nba-basketball/?date=2024-03-09
2024-03-10,https://www.sportsbookreview.com/betting-odds/nba-basketball/?date=2024-03-10
2024-03-11,https://www.sportsbookreview.com/betting-odds/nba-basketball/?date=2024-03-11
2024-03-12,https://www.sportsbookreview.com/betting-odds/nba-basketball/?date=2024-03-12
2024-03-13,https://www.sportsbookreview.com/betting-odds/nba-basketball/?date=2024-03-13
2024-03-14,https://www.sportsbookreview.com/betting-odds/nba-basketball/?date=2024-03-14
2024-03-15,https://www.sportsbookreview.com/betting-odds/nba-basketball/?date=2024-03-15
2024-03-16,https://www.sportsbookreview.com/betting-odds/nba-basketball/?date=2024-03-16
2024-03-17,https://www.sportsbookreview.com/betting-odds/nba-basketball/?date=2024-03-17
2024-03-18,https://www.sportsbookreview.com/betting-odds/nba-basketball/?date=2024-03-18
2024-03-19,https://www.sportsbookreview.com/betting-odds/nba-basketball/?date=2024-03-19
2024-03-20,https://www.sportsbookreview.com/betting-odds/nba-basketball/?date=2024-03-20
2024-03-21,https://www.sportsbookreview.com/betting-odds/nba-basketball/?date=2024-03-21
2024-03-22,https://www.sportsbookreview.com/betting-odds/nba-basketball/?date=2024-03-22
2024-03-23,https://www.sportsbookreview.com/betting-odds/nba-basketball/?date=2024-03-23
2024-03-24,https://www.sportsbookreview.com/betting-odds/nba-basketball/?date=2024-03-24
2024-03-25,https://www.sportsbookreview.com/betting-odds/nba-basketball/?date=2024-03-25
2024-03-26,https://www.sportsbookreview.com/betting-odds/nba-basketball/?date=2024-03-26
2024-03-27,https://www.sportsbookreview.com/betting-odds/nba-basketball/?date=2024-03-27
2024-03-28,https://www.sportsbookreview.com/betting-odds/nba-basketball/?date=2024-03-28
2024-03-29,https://www.sportsbookreview.com/betting-odds/nba-basketball/?date=2024-03-29
2024-03-30,https://www.sportsbookreview.com/betting-odds/nba-basketball/?date=2024-03-30
2024-03-31,https://www.sportsbookreview.com/betting-odds/nba-basketball/?date=2024-03-31
2024-04-01,https://www.sportsbookreview.com/betting-odds/nba-basketball/?date=2024-04-01
2024-04-02,https://www.sportsbookreview.com/betting-odds/nba-basketball/?date=2024-04-02
2024-04-03,https://www.sportsbookreview.com/betting-odds/nba-basketball/?date=2024-04-03
2024-04-04,https://www.sportsbookreview.com/betting-odds/nba-basketball/?date=2024-04-04
2024-04-05,https://www.sportsbookreview.com/betting-odds/nba-basketball/?date=2024-04-05
2024-04-06,https://www.sportsbookreview.com/betting-odds/nba-basketball/?date=2024-04-06
2024-04-07,https://www.sportsbookreview.com/betting-odds/nba-basketball/?date=2024-04-07
2024-04-08,https://www.sportsbookreview.com/betting-odds/nba-basketball/?date=2024-04-08
2024-04-09,https://www.sportsbookreview.com/betting-odds/nba-basketball/?date=2024-04-09
2024-04-10,https://www.sportsbookreview.com/betting-odds/nba-basketball/?date=2024-04-10
2024-04-11,https://www.sportsbookreview.com/betting-odds/nba-basketball/?date=2024-04-11
2024-04-12,https://www.sportsbookreview.com/betting-odds/nba-basketball/?date=2024-04-12
2024-04-13,https://www.sportsbookreview.com/betting-odds/nba-basketball/?date=2024-04-13
2024-04-14,https://www.sportsbookreview.com/betting-odds/nba-basketball/?date=2024-04-14
2024-04-15,https://www.sportsbookreview.com/betting-odds/nba-basketball/?date=2024-04-15
2024-04-16,https://www.sportsbookreview.com/betting-odds/nba-basketball/?date=2024-04-16
2024-04-17,https://www.sportsbookreview.com/betting-odds/nba-basketball/?date=2024-04-17
2024-04-18,https://www.sportsbookreview.com/betting-odds/nba-basketball/?date=2024-04-18
2024-04-19,https://www.sportsbookreview.com/betting-odds/nba-basketball/?date=2024-04-19
2024-04-20,https://www.sportsbookreview.com/betting-odds/nba-basketball/?date=2024-04-20
2024-04-21,https://www.sportsbookreview.com/betting-odds/nba-basketball/?date=2024-04-21
2024-04-22,https://www.sportsbookreview.com/betting-odds/nba-basketball/?date=2024-04-22
2024-04-23,https://www.sportsbookreview.com/betting-odds/nba-basketball/?date=2024-04-23
2024-04-24,https://www.sportsbookreview.com/betting-odds/nba-basketball/?date=2024-04-24
2024-04-25,https://www.sportsbookreview.com/betting-odds/nba-basketball/?date=2024-04-25
2024-04-26,https://www.sportsbookreview.com/betting-odds/nba-basketball/?date=2024-04-26
2024-04-27,https://www.sportsbookreview.com/betting-odds/nba-basketball/?date=2024-04-27
2024-04-28,https://www.sportsbookreview.com/betting-odds/nba-basketball/?date=2024-04-28
2024-04-29,https://www.sportsbookreview.com/betting-odds/nba-basketball/?date=2024-04-29
2024-04-30,https://www.sportsbookreview.com/betting-odds/nba-basketball/?date=2024-04-30
2024-05-01,https://www.sportsbookreview.com/betting-odds/nba-basketball/?date=2024-05-01
2024-05-02,https://www.sportsbookreview.com/betting-odds/nba-basketball/?date=2024-05-02
2024-05-03,https://www.sportsbookreview.com/betting-odds/nba-basketball/?date=2024-05-03
2024-05-04,https://www.sportsbookreview.com/betting-odds/nba-basketball/?date=2024-05-04
2024-05-05,https://www.sportsbookreview.com/betting-odds/nba-basketball/?date=2024-05-05
2024-05-06,https://www.sportsbookreview.com/betting-odds/nba-basketball/?date=2024-05-06
2024-05-07,https://www.sportsbookreview.com/betting-odds/nba-basketball/?date=2024-05-07
2024-05-08,https://www.sportsbookreview.com/betting-odds/nba-basketball/?date=2024-05-08
2024-05-09,https://www.sportsbookreview.com/betting-odds/nba-basketball/?date=2024-05-09
2024-05-10,https://www.sportsbookreview.com/betting-odds/nba-basketball/?date=2024-05-10
2024-05-11,https://www.sportsbookreview.com/betting-odds/nba-basketball/?date=2024-05-11
2024-05-12,https://www.sportsbookreview.com/betting-odds/nba-basketball/?date=2024-05-12
2024-05-13,https://www.sportsbookreview.com/betting-odds/nba-basketball/?date=2024-05-13
2024-05-14,https://www.sportsbookreview.com/betting-odds/nba-basketball/?date=2024-05-14
2024-05-15,https://www.sportsbookreview.com/betting-odds/nba-basketball/?date=2024-05-15
2024-05-16,https://www.sportsbookreview.com/betting-odds/nba-basketball/?date=2024-05-16
2024-05-17,https://www.sportsbookreview.com/betting-odds/nba-basketball/?date=2024-05-17
2024-05-18,https://www.sportsbookreview.com/betting-odds/nba-basketball/?date=2024-05-18
2024-05-19,https://www.sportsbookreview.com/betting-odds/nba-basketball/?date=2024-05-19
2024-05-20,https://www.sportsbookreview.com/betting-odds/nba-basketball/?date=2024-05-20
2024-05-21,https://www.sportsbookreview.com/betting-odds/nba-basketball/?date=2024-05-21
2024-05-22,https://www.sportsbookreview.com/betting-odds/nba-basketball/?date=2024-05-22
2024-05-23,https://www.sportsbookreview.com/betting-odds/nba-basketball/?date=2024-05-23
2024-05-24,https://www.sportsbookreview.com/betting-odds/nba-basketball/?date=2024-05-24
2024-05-25,https://www.sportsbookreview.com/betting-odds/nba-basketball/?date=2024-05-25
2024-05-26,https://www.sportsbookreview.com/betting-odds/nba-basketball/?date=2024-05-26
2024-05-27,https://www.sportsbookreview.com/betting-odds/nba-basketball/?date=2024-05-27
2024-05-28,https://www.sportsbookreview.com/betting-odds/nba-basketball/?date=2024-05-28
2024-05-29,https://www.sportsbookreview.com/betting-odds/nba-basketball/?date=2024-05-29
2024-05-30,https://www.sportsbookreview.com/betting-odds/nba-basketball/?date=2024-05-30
2024-05-31,https://www.sportsbookreview.com/betting-odds/nba-basketball/?date=2024-05-31
2024-06-01,https://www.sportsbookreview.com/betting-odds/nba-basketball/?date=2024-06-01
2024-06-02,https://www.sportsbookreview.com/betting-odds/nba-basketball/?date=2024-06-02
2024-06-03,https://www.sportsbookreview.com/betting-odds/nba-basketball/?date=2024-06-03
2024-06-04,https://www.sportsbookreview.com/betting-odds/nba-basketball/?date=2024-06-04
2024-06-05,https://www.sportsbookreview.com/betting-odds/nba-basketball/?date=2024-06-05
2024-06-06,https://www.sportsbookreview.com/betting-odds/nba-basketball/?date=2024-06-06
2024-06-07,https://www.sportsbookreview.com/betting-odds/nba-basketball/?date=2024-06-07
2024-06-08,https://www.sportsbookreview.com/betting-odds/nba-basketball/?date=2024-06-08
2024-06-09,https://www.sportsbookreview.com/betting-odds/nba-basketball/?date=2024-06-09
2024-06-10,https://www.sportsbookreview.com/betting-odds/nba-basketball/?date=2024-06-10
2024-06-11,https://www.sportsbookreview.com/betting-odds/nba-basketball/?date=2024-06-11
2024-06-12,https://www.sportsbookreview.com/betting-odds/nba-basketball/?date=2024-06-12
2024-06-13,https://www.sportsbookreview.com/betting-odds/nba-basketball/?date=2024-06-13
2024-06-14,https://www.sportsbookreview.com/betting-odds/nba-basketball/?date=2024-06-14
2024-06-15,https://www.sportsbookreview.com/betting-odds/nba-basketball/?date=2024-06-15
2024-06-16,https://www.sportsbookreview.com/betting-odds/nba-basketball/?date=2024-06-16
2024-06-17,https://www.sportsbookreview.com/betting-odds/nba-basketball/?date=2024-06-17
